url_path,views_total,views_unique
/peff74/ESP32-C3_OLED,286,199
/peff74/ESP32-C3_OLED/blob/main/ESP32_C3_OLED.ino,79,49
/peff74/ESP32-C3_OLED/blob/main/README.md,31,21
/peff74/ESP32-C3_OLED/blob/main/ESP32-C3_oled.jpg,28,23
/peff74/ESP32-C3_OLED/tree/main/.github/workflows,16,13
/peff74/ESP32-C3_OLED/tree/main,12,8
/peff74/ESP32-C3_OLED/issues,5,4
/peff74/ESP32-C3_OLED/blob/main/.github/workflows/github-repo-stats.yml,4,4
/peff74/ESP32-C3_OLED/tree/main/.github,4,4
/peff74/ESP32-C3_OLED/blame/main/ESP32_C3_OLED.ino,3,1
